id,session_id,recorded_at,current_kwh,power_kw,voltage,current_ampere
1,ses-001,2026-08-19 06:00:00+07,0.000,50.00,400.00,125.00
2,ses-001,2026-08-19 07:00:00+07,12.250,50.00,399.50,125.20
3,ses-001,2026-08-19 07:50:00+07,24.500,8.50,396.00,21.40
4,ses-002,2026-08-19 09:30:00+07,0.000,48.00,398.00,120.60
5,ses-002,2026-08-19 09:45:00+07,4.100,48.50,399.20,121.50
6,ses-002,2026-08-19 10:00:00+07,8.200,49.00,400.10,122.40
7,ses-003,2026-08-19 04:00:00+07,0.000,37.00,380.00,97.40
8,ses-003,2026-08-19 05:00:00+07,9.375,37.50,381.00,98.50
9,ses-003,2026-08-19 05:50:00+07,18.750,5.20,376.00,13.80
